City_ID,City,Lat,Lng,Max Temp,Humidity,Cloudiness,Wind Speed,Country,Date
0,chivay,-15.6383,-71.6011,9.61,63,80,0.5,PE,1682567267
1,jamestown,42.097,-79.2353,2.8,77,0,4.12,US,1682567267
2,cheremkhovo,53.1561,103.0675,-0.03,85,83,5.44,RU,1682567268
3,tautira,-17.7333,-149.15,27.37,81,100,4.19,PF,1682567268
4,adeje,28.1227,-16.726,20.56,69,20,2.06,ES,1682567268
5,kodiak,57.79,-152.4072,3.73,87,100,6.17,US,1682567001
6,hobart,-42.8794,147.3294,20.92,67,75,8.23,AU,1682566761
7,mataura,-46.1927,168.8643,11.38,69,55,0.86,NZ,1682567269
8,arlit,18.7369,7.3853,27.02,11,61,1.87,NE,1682567269
9,busselton,-33.65,115.3333,17.86,43,54,6.09,AU,1682567270
10,molteno,-31.3968,26.3625,12.2,51,36,4.4,ZA,1682567270
11,albany,42.6001,-73.9662,7.35,91,86,1.02,US,1682567176
12,tuktoyaktuk,69.4541,-133.0374,-13.0,78,75,7.2,CA,1682567270
13,punta arenas,-53.15,-70.9167,7.06,70,40,8.23,CL,1682566873
14,morondava,-20.2833,44.2833,22.61,56,0,2.94,MG,1682567271
15,sao joao da barra,-21.6403,-41.0511,23.26,91,27,5.11,BR,1682567271
16,rikitea,-23.1203,-134.9692,24.29,63,60,2.61,PF,1682567271
17,hilo,19.7297,-155.09,26.82,73,100,3.6,US,1682567054
18,hermanus,-34.4187,19.2345,12.11,65,0,6.96,ZA,1682567024
19,alepe,5.5004,-3.6631,24.93,95,100,1.05,CI,1682567272
20,tuatapere,-46.1333,167.6833,13.88,70,8,0.86,NZ,1682567272
21,acapulco,16.8634,-99.8901,27.9,74,0,3.6,MX,1682566997
22,banda aceh,5.5577,95.3222,31.13,61,69,2.91,ID,1682567273
23,marawi,7.9986,124.2928,27.87,64,99,2.84,PH,1682567273
24,puerto ayora,-0.7393,-90.3518,24.75,94,6,0.89,EC,1682567273
25,ipixuna,-1.7625,-48.8043,22.74,99,100,0.55,BR,1682567274
26,cherskiy,68.75,161.3,-5.47,86,81,2.93,RU,1682567274
27,norman wells,65.282,-126.8329,-0.98,55,75,5.66,CA,1682567275
28,novotitarovskaya,45.2356,38.9792,12.06,78,100,3.03,RU,1682567275
29,sao jose da coroa grande,-8.8978,-35.1478,25.01,87,71,1.0,BR,1682567275
30,upernavik,72.7868,-56.1549,-7.84,95,93,6.71,GL,1682567275
31,waldoboro,44.0954,-69.3756,5.57,95,54,1.27,US,1682567275
32,georgetown,5.4112,100.3354,30.96,79,20,1.54,MY,1682567276
33,port alfred,-33.5906,26.891,18.99,82,94,4.86,ZA,1682567276
34,san pedro,14.35,121.0167,33.57,56,20,4.12,PH,1682567074
35,qasigiannguit,68.8193,-51.1922,-0.86,97,99,0.76,GL,1682567276
36,bhanpura,24.513,75.7469,30.06,37,77,7.2,IN,1682567276
37,lebu,-37.6167,-73.65,13.36,89,100,2.15,CL,1682567126
38,dikson,73.5069,80.5464,-6.65,86,100,5.02,RU,1682567277
39,ushuaia,-54.8,-68.3,6.81,65,0,2.57,AR,1682567002
40,husavik,66.0449,-17.3389,-2.71,63,53,1.67,IS,1682567278
41,zhurivka,50.5028,31.7849,9.15,96,100,2.71,UA,1682567278
42,mahibadhoo,3.7833,72.9667,28.33,77,100,2.95,MV,1682567278
43,mayskiy,47.6931,40.1025,12.67,83,100,4.35,RU,1682567278
44,barrow,71.2906,-156.7887,-16.99,71,100,4.12,US,1682567278
45,atuona,-9.8,-139.0333,27.59,76,22,7.34,PF,1682567279
46,xinyu,27.8043,114.9334,23.13,57,38,3.24,CN,1682567279
47,tucurui,-3.7661,-49.6725,23.18,99,100,2.01,BR,1682567279
48,bredasdorp,-34.5322,20.0403,14.38,72,6,2.45,ZA,1682567279
49,bengkulu,-3.8004,102.2655,26.58,80,100,0.99,ID,1682567280
50,oyem,1.5995,11.5793,20.3,99,100,1.16,GA,1682567280
51,faanui,-16.4833,-151.75,27.83,77,18,2.93,PF,1682567280
52,pangkalanbuun,-2.6833,111.6167,31.94,60,100,0.51,ID,1682567280
53,tocopilla,-22.092,-70.1979,19.97,73,16,2.23,CL,1682566913
54,nanga eboko,4.6833,12.3667,20.09,99,100,0.62,CM,1682567281
55,stejaru,44.7667,28.55,5.56,83,100,8.91,RO,1682567281
56,ayolas,-27.4,-56.9,16.34,80,25,2.1,PY,1682567281
57,vitim,59.4511,112.5578,4.81,62,100,3.6,RU,1682567281
58,thompson,55.7435,-97.8558,5.09,42,75,2.57,CA,1682567037
59,sur,22.5667,59.5289,27.96,62,4,1.44,OM,1682567282
60,thinadhoo,0.5333,72.9333,28.96,71,100,2.87,MV,1682567282
61,santona,43.4439,-3.4576,15.52,91,98,2.42,ES,1682567282
62,ribeira grande,38.5167,-28.7,17.1,84,46,10.28,PT,1682567283
63,touros,-5.1989,-35.4608,25.14,88,100,3.34,BR,1682567283
64,bambous virieux,-20.3428,57.7575,25.12,94,75,0.0,MU,1682567284
65,beni mazar,28.4962,30.8029,20.51,37,0,3.19,EG,1682567284
66,vaini,-21.2,-175.2,26.09,89,75,6.69,TO,1682567285
67,sola,-13.8833,167.55,31.37,79,40,1.54,VU,1682567285
68,maues,-3.3836,-57.7186,22.31,99,99,1.18,BR,1682567286
69,luderitz,-26.6481,15.1594,13.89,86,5,2.44,,1682567081
70,bathsheba,13.2167,-59.5167,26.34,94,40,2.57,BB,1682567287
71,tazovskiy,67.4667,78.7,-7.47,95,97,0.4,RU,1682567067
72,bluff,-46.6,168.3333,11.56,76,26,4.24,NZ,1682567287
73,korla,41.7597,86.1469,16.1,18,0,3.91,CN,1682567027
74,springbok,-29.6643,17.8865,11.42,72,91,2.27,ZA,1682567288
75,killybegs,54.6333,-8.45,7.74,85,100,4.31,IE,1682567288
76,uinskoye,56.8817,56.5813,11.42,81,99,5.49,RU,1682567289
77,chokurdakh,70.6333,147.9167,-1.47,87,98,1.75,RU,1682567289
78,srednekolymsk,67.45,153.6833,-0.22,79,100,1.69,RU,1682567290
79,kieta,-6.2167,155.6333,29.22,72,51,1.4,PG,1682567290
80,ancud,-41.8697,-73.8203,8.03,95,98,2.33,CL,1682567052
81,dehloran,32.6941,47.2679,25.17,21,0,3.1,IR,1682567291
82,pisco,-13.7,-76.2167,22.03,78,0,1.03,PE,1682567291
83,broome,42.2506,-75.833,5.56,96,75,2.57,US,1682567292
84,esmeralda,21.8525,-78.1169,23.59,82,95,2.32,CU,1682567292
85,saldanha,-33.0117,17.9442,13.03,84,25,4.97,ZA,1682567292
86,vyritsa,59.4078,30.3481,8.73,84,56,1.1,RU,1682567292
87,tuim,54.3417,89.9261,6.75,59,100,4.28,RU,1682567293
88,pacific grove,36.6177,-121.9166,12.12,90,100,0.89,US,1682567293
89,vestmannaeyjar,63.4427,-20.2734,3.37,75,100,6.04,IS,1682567294
90,paredon,16.0333,-93.8667,27.38,70,79,0.14,MX,1682567294
91,phan thiet,10.9333,108.1,33.1,52,92,6.86,VN,1682567294
92,lakatoro,-16.0999,167.4164,29.29,63,17,2.59,VU,1682567294
93,san quintin,30.4833,-115.95,15.57,88,0,4.22,MX,1682567295
94,bethel,41.3712,-73.414,9.19,83,100,0.0,US,1682567295
95,dovers,12.8833,-61.1833,26.47,79,11,7.72,VC,1682567295
96,suicheng,33.8963,117.9331,22.67,48,63,4.33,CN,1682567296
97,college,64.8569,-147.8028,5.18,55,75,2.57,US,1682567008
98,mayumba,-3.432,10.6554,25.28,87,100,2.35,GA,1682567296
99,codrington,-38.2667,141.9667,21.91,52,11,7.27,AU,1682567296
100,gizeh,30.0081,31.2109,23.41,34,0,1.31,EG,1682567297
101,big spring,32.2504,-101.4787,15.25,55,0,10.29,US,1682567297
102,vyartsilya,62.1764,30.693,8.02,86,94,3.37,RU,1682567297
103,auki,-8.7676,160.7034,28.64,74,87,1.13,SB,1682567297
104,kruisfontein,-34.0033,24.7314,14.94,88,100,2.65,ZA,1682567099
105,filingue,14.3521,3.3168,28.04,12,68,3.81,NE,1682567298
106,ust-kuyga,70.0167,135.6,-0.78,88,19,3.11,RU,1682567298
107,cape town,-33.9258,18.4232,17.43,84,75,5.14,ZA,1682567192
108,amapa,1.0,-52.0,21.52,100,100,1.03,BR,1682567299
109,manokwari,-0.8667,134.0833,29.17,69,63,3.44,ID,1682567299
110,castro,-24.7911,-50.0119,15.66,96,83,1.88,BR,1682567299
111,zaranj,30.9667,61.8833,22.98,17,53,1.47,AF,1682567299
112,carnarvon,-24.8667,113.6333,24.61,37,5,5.84,AU,1682567060
113,hithadhoo,-0.6,73.0833,28.95,73,94,3.46,MV,1682567047
114,kenai,60.5544,-151.2583,7.05,65,40,4.63,US,1682567300
115,san roque,36.2107,-5.3842,18.46,68,20,3.09,ES,1682567301
116,ituverava,-20.3394,-47.7806,18.54,90,9,1.04,BR,1682567301
117,homer,59.6425,-151.5483,5.94,62,100,3.09,US,1682567301
118,butaritari,3.0707,172.7902,28.34,76,91,5.89,KI,1682567301
119,zlitan,32.4674,14.5687,17.94,74,4,2.02,LY,1682567301
120,qaanaaq,77.484,-69.3632,-23.25,82,7,3.6,GL,1682567302
121,fukue,32.6881,128.8419,18.2,55,0,3.6,JP,1682567302
122,huarmey,-10.0681,-78.1522,24.29,84,89,4.6,PE,1682567302
123,ajdabiya,30.7554,20.2263,17.87,68,2,4.2,LY,1682567302
124,aasiaat,68.7098,-52.8699,-1.86,86,100,2.0,GL,1682567081
125,iqaluit,63.7506,-68.5145,-1.15,92,75,1.54,CA,1682567012
126,lazaro cardenas,17.9583,-102.2,24.77,71,98,1.73,MX,1682567303
127,yellowknife,62.456,-114.3525,1.29,100,100,2.06,CA,1682567023
128,knysna,-34.0363,23.0471,16.45,93,100,1.9,ZA,1682567303
129,tortoli,39.9256,9.6572,13.9,94,0,3.09,IT,1682567303
130,airai,-8.9266,125.4092,21.12,82,100,0.83,TL,1682567304
131,batemans bay,-35.7167,150.1833,25.22,38,66,4.53,AU,1682567304
132,chuy,-33.6971,-53.4616,17.04,89,62,4.35,UY,1682567093
133,raudeberg,61.9875,5.1352,2.75,66,96,8.01,NO,1682567305
134,atambua,-9.1061,124.8925,26.67,80,85,1.33,ID,1682567305
135,arman,59.7,150.1667,3.22,70,33,1.67,RU,1682567305
136,saint george,37.1041,-113.5841,21.91,20,0,2.06,US,1682567110
137,tukrah,32.5341,20.5791,16.12,89,10,3.22,LY,1682567306
138,lompoc,34.6391,-120.4579,15.08,94,100,2.06,US,1682567306
139,hervey bay,-25.2986,152.8535,25.01,64,72,7.25,AU,1682567307
140,torbay,47.6666,-52.7314,1.27,94,100,5.66,CA,1682567307
141,kahului,20.8947,-156.47,25.54,81,75,8.23,US,1682567145
142,amarillo,35.222,-101.8313,7.27,95,100,8.23,US,1682567204
143,pankrushikha,53.8319,80.3406,17.91,38,100,5.09,RU,1682567308
144,atherton,53.5237,-2.4935,7.94,80,100,0.89,GB,1682567309
145,arraial do cabo,-22.9661,-42.0278,23.27,91,99,3.44,BR,1682567309
146,bambanglipuro,-7.95,110.2833,30.4,68,99,3.49,ID,1682567309
147,kapaa,22.0752,-159.319,26.99,76,100,5.14,US,1682567310
148,hat yai,7.0084,100.4767,33.1,66,20,5.14,TH,1682567310
149,zhangjiakou,40.81,114.8794,15.44,38,82,1.72,CN,1682567310
150,guerrero negro,27.9769,-114.0611,15.0,83,0,5.56,MX,1682567311
151,forbes,-33.3833,148.0167,24.95,30,0,5.06,AU,1682567312
152,paita,-5.0892,-81.1144,26.0,78,89,4.83,PE,1682567312
153,fortuna,40.5982,-124.1573,12.18,86,75,0.96,US,1682567078
154,elmadag,39.9208,33.2308,9.64,83,99,1.55,TR,1682567313
155,aksu,41.1231,80.2644,18.62,22,93,1.5,CN,1682567313
156,srandakan,-7.9386,110.2506,30.42,68,99,3.62,ID,1682567313
157,qufu,35.5967,116.9911,23.42,38,0,7.14,CN,1682567314
158,nikolskoye,59.7035,30.7861,8.94,81,29,0.99,RU,1682567314
159,boueni,-12.9025,45.0761,27.99,77,46,4.23,YT,1682567314
160,east london,-33.0153,27.9116,22.52,49,0,4.63,ZA,1682567314
161,flin flon,54.7682,-101.865,0.59,98,100,2.94,CA,1682567314
162,saint-philippe,-21.3585,55.7679,22.77,71,19,1.87,RE,1682567315
163,vostok,46.4856,135.8833,6.57,40,99,5.21,RU,1682567315
164,sao filipe,14.8961,-24.4956,22.96,76,3,2.6,CV,1682567315
165,mehran,33.1222,46.1646,25.92,17,0,2.03,IR,1682567315
166,san cristobal,7.7669,-72.225,21.1,96,28,0.76,VE,1682567315
167,garden city,42.3256,-83.331,6.14,80,0,2.06,US,1682567278
168,jefferson city,38.5767,-92.1735,15.95,44,0,3.6,US,1682567268
169,constantine,36.365,6.6147,13.67,67,0,1.54,DZ,1682567316
170,cururupu,-1.8283,-44.8683,23.3,97,93,2.51,BR,1682567316
171,new norfolk,-42.7826,147.0587,20.72,66,100,2.68,AU,1682567049
172,santa cruz,-17.8,-63.1667,21.7,94,71,2.06,BO,1682567318
173,harlingen,26.1906,-97.6961,25.59,95,0,3.09,US,1682567318
174,beringovskiy,63.05,179.3167,-4.79,67,7,6.19,RU,1682567318
175,palmer,42.1584,-72.3287,8.65,78,100,3.6,US,1682567072
176,mwinilunga,-11.7358,24.4293,12.04,84,100,2.0,ZM,1682567319
177,gustrow,53.7972,12.1734,4.98,87,20,3.09,DE,1682567319
178,ballina,-28.8667,153.5667,22.66,76,96,4.14,AU,1682567320
179,visnes,59.3556,5.2242,5.03,70,75,6.69,NO,1682567320
180,soderhamn,61.3037,17.0592,1.09,89,98,3.0,SE,1682567320
181,ixtapa,20.7,-105.2,24.57,78,75,3.09,MX,1682567321
182,micheweni,-4.9667,39.8333,26.55,80,65,7.01,TZ,1682567321
183,labuhan,-6.8844,112.2051,29.93,69,80,1.87,ID,1682567321
184,cayenne,4.9333,-52.3333,23.02,100,100,0.0,GF,1682567226
185,honiara,-9.4333,159.95,28.33,78,96,1.37,SB,1682567322
186,derbent,42.0678,48.2899,14.56,76,44,2.44,RU,1682567225
187,nantucket,41.2835,-70.0995,7.03,83,100,2.06,US,1682567031
188,vao,-22.6667,167.4833,23.83,83,100,11.21,NC,1682567322
189,itupiranga,-5.1347,-49.3267,27.18,91,100,0.19,BR,1682567323
190,pevek,69.7008,170.3133,-7.53,85,99,3.71,RU,1682567323
191,the valley,18.217,-63.0578,26.92,79,29,5.96,AI,1682567143
192,mar del plata,-38.0023,-57.5575,16.16,89,75,2.57,AR,1682567098
193,padang,-0.9492,100.3543,30.03,76,93,1.61,ID,1682567324
194,isangel,-19.55,169.2667,29.06,79,75,1.54,VU,1682567324
195,leningradskiy,69.3833,178.4167,-7.97,88,93,7.89,RU,1682567325
196,mnogovershinnyy,53.9353,139.9242,-1.01,98,100,3.21,RU,1682567325
197,kromberk,45.9608,13.6656,11.97,77,99,0.89,SI,1682567326
198,darnah,32.767,22.6367,16.56,89,0,7.98,LY,1682567326
199,ambon,-3.6954,128.1814,31.08,86,40,2.06,ID,1682567326
200,mackenzie,55.2999,-123.1698,6.12,49,75,4.63,CA,1682567327
201,zachary,30.6485,-91.1565,22.93,83,0,3.09,US,1682567327
202,esperance,-33.8667,121.9,16.2,64,78,11.74,AU,1682567328
203,avarua,-21.2078,-159.775,26.03,73,40,3.09,CK,1682567092
204,berezovyy,51.6667,135.7,4.8,67,100,1.44,RU,1682567191
205,maraa,-1.8333,-65.3667,22.9,93,95,1.3,BR,1682567328
206,abaza,52.655,90.0928,6.7,72,99,1.63,RU,1682567329
207,hazorasp,41.3194,61.0742,18.91,17,5,5.67,UZ,1682567329
208,geraldton,-28.7667,114.6,23.23,53,40,6.69,AU,1682567094
209,houma,29.5958,-90.7195,24.0,88,100,2.57,US,1682567257
210,dongying,37.4564,118.4856,26.08,23,5,7.45,CN,1682567330
211,aswan,24.0934,32.907,24.49,18,0,2.93,EG,1682567330
212,yar-sale,66.8333,70.8333,-5.94,96,100,2.15,RU,1682567330
213,tecoanapa,16.5167,-98.75,26.04,73,74,2.59,MX,1682567331
214,provideniya,64.3833,-173.3,-2.94,54,0,3.13,RU,1682567331
215,aklavik,68.2191,-135.0107,-8.17,90,100,2.09,CA,1682567331
216,mount isa,-20.7333,139.5,30.87,29,40,4.12,AU,1682567332
217,pozo colorado,-23.4923,-58.7972,17.15,94,5,0.62,PY,1682567332
218,khatanga,71.9667,102.5,-3.02,84,18,5.29,RU,1682567332
219,longyearbyen,78.2186,15.6401,-3.09,74,0,1.54,SJ,1682567333
220,tumut,-35.3,148.2167,22.88,37,2,3.86,AU,1682567121
221,katsuura,35.1333,140.3,17.42,53,0,5.43,JP,1682567290
222,nioki,-2.7167,17.6833,21.15,96,100,0.91,CD,1682567334
223,ponta do sol,32.6667,-17.1,21.51,49,69,0.36,PT,1682567334
224,henties bay,-22.116,14.2845,17.23,87,61,1.94,,1682567334
225,mahebourg,-20.4081,57.7,25.14,94,75,0.0,MU,1682567334
226,brae,60.3964,-1.353,3.57,60,79,2.92,GB,1682567335
227,correggio,44.7698,10.7823,11.03,88,14,1.58,IT,1682567180
228,tasiilaq,65.6145,-37.6368,-1.91,96,100,2.79,GL,1682567335
229,praia,14.9215,-23.5087,22.3,73,40,5.66,CV,1682567335
230,kudahuvadhoo,2.6708,72.8944,28.91,72,99,2.31,MV,1682567335
231,itoman,26.1247,127.6694,24.21,60,75,7.2,JP,1682567037
232,rio branco,-9.9747,-67.81,24.34,94,0,0.51,BR,1682567336
233,ahipara,-35.1667,173.1667,17.69,65,91,2.59,NZ,1682567336
234,kochevo,59.5994,54.3125,9.6,92,99,2.71,RU,1682567336
235,koygorodok,60.445,50.9968,9.65,89,95,0.93,RU,1682567336
236,aquiraz,-3.9014,-38.3911,25.1,88,100,6.08,BR,1682567061
237,talakan,50.3167,130.3667,10.58,22,6,4.58,RU,1682567337
238,boyolangu,-8.1181,111.8935,29.7,71,97,2.75,ID,1682567337
239,sitka,57.0531,-135.33,6.94,70,100,4.12,US,1682567337
240,souillac,-20.5167,57.5167,23.21,94,75,0.0,MU,1682567337
241,talnakh,69.4865,88.3972,-4.24,92,100,1.71,RU,1682567337
242,kavieng,-2.5744,150.7967,29.0,74,28,2.56,PG,1682567139
243,itabera,-23.8619,-49.1372,18.03,97,100,1.45,BR,1682567338
244,svetlogorsk,52.6333,29.7333,5.26,92,100,5.16,BY,1682567338
245,port blair,11.6667,92.75,30.99,65,80,5.49,IN,1682567338
246,sept-iles,50.2001,-66.3821,1.14,95,75,1.54,CA,1682567339
247,xacmaz,41.4635,48.806,15.19,72,1,1.44,AZ,1682567339
248,santa maria,-29.6842,-53.8069,13.61,100,0,0.0,BR,1682567339
249,qaqortoq,60.7167,-46.0333,0.34,95,99,0.46,GL,1682567339
250,halifax,44.6453,-63.5724,5.0,89,100,3.09,CA,1682566985
251,borogontsy,62.6683,131.1683,3.3,85,46,3.62,RU,1682567340
252,puerto baquerizo moreno,-0.9,-89.6,25.76,78,13,3.69,EC,1682567341
253,cuamba,-14.8031,36.5372,15.11,98,33,1.09,MZ,1682567341
254,cidreira,-30.1811,-50.2056,17.99,90,3,4.27,BR,1682567341
255,grand-lahou,5.1367,-5.0242,26.04,88,99,4.4,CI,1682567341
256,varhaug,58.6147,5.6457,3.83,72,31,8.33,NO,1682567342
257,veraval,20.9,70.3667,28.19,65,69,4.12,IN,1682567342
258,kaitangata,-46.2817,169.8464,15.52,75,49,1.98,NZ,1682567343
259,sigli,5.3848,95.9609,30.17,65,71,2.66,ID,1682567343
260,bubaque,11.2833,-15.8333,25.09,72,48,5.64,GW,1682567343
261,cabo san lucas,22.8909,-109.9124,23.12,67,0,5.14,MX,1682567152
262,porto walter,-8.2686,-72.7439,21.94,97,29,1.06,BR,1682567344
263,novopskov,49.5464,39.0899,11.99,71,59,3.7,UA,1682567344
264,salalah,17.0151,54.0924,28.05,83,20,2.06,OM,1682567345
265,quatre cocos,-20.2078,57.7625,25.61,84,54,4.39,MU,1682567345
266,takoradi,4.8845,-1.7554,26.11,88,100,4.31,GH,1682567346
267,bonthe,7.5264,-12.505,26.18,83,90,2.27,SL,1682567346
268,along,28.1667,94.7667,28.65,40,83,0.66,IN,1682567347
269,penalva,-3.2942,-45.1736,23.19,98,100,1.8,BR,1682567348
270,dubti,11.7361,41.0853,28.72,50,78,2.19,ET,1682567348
271,xinpu,34.5997,119.1594,22.09,43,21,5.34,CN,1682567349
272,umm kaddadah,13.6017,26.6876,26.75,51,87,2.4,SD,1682567349
273,biswan,27.5,81.0,31.9,21,100,1.25,IN,1682567350
274,quelimane,-17.8786,36.8883,21.97,94,75,1.03,MZ,1682567350
275,usinsk,65.9939,57.5281,-1.97,87,91,6.22,RU,1682567147
276,kavaratti,10.5669,72.642,28.4,68,37,3.19,IN,1682567351
277,dragor,55.5946,12.6664,4.71,82,8,5.66,DK,1682567351
278,seoul,37.5683,126.9778,17.66,43,0,2.06,KR,1682566875
279,ilulissat,69.2167,-51.1,-0.99,100,100,0.51,GL,1682567073
280,waitati,-45.75,170.5667,15.4,65,13,1.91,NZ,1682567352
281,jega,12.2175,4.3792,29.61,53,87,5.14,NG,1682567352
282,port macquarie,-31.4333,152.9167,21.05,67,100,1.65,AU,1682567353
283,broken hill,-31.95,141.4333,27.97,26,36,10.42,AU,1682567353
284,te anau,-45.4167,167.7167,12.59,64,1,0.86,NZ,1682567353
285,muswellbrook,-32.2667,150.9,24.02,38,27,1.06,AU,1682567353
286,alihe,50.5667,123.7167,11.33,24,21,2.47,CN,1682567354
287,bilibino,68.0546,166.4372,-2.57,79,45,0.99,RU,1682567354
288,hofn,64.2539,-15.2082,-0.9,62,94,3.79,IS,1682567354
289,jagdalpur,19.0667,82.0333,31.66,35,17,0.5,IN,1682567355
290,lannion,48.75,-3.4167,10.08,90,100,3.14,FR,1682567356
291,batasan,12.7667,120.7833,29.81,68,49,4.9,PH,1682567356
292,taseyevo,57.2169,94.8978,3.89,61,99,3.61,RU,1682567357
293,pala,9.3642,14.9046,26.58,57,99,2.74,TD,1682567357
294,port elizabeth,-33.918,25.5701,20.17,89,0,4.63,ZA,1682567357
295,yakymivka,46.6897,35.1536,11.85,82,36,0.47,UA,1682567357
296,namibe,-15.1961,12.1522,24.59,66,100,4.75,AO,1682567358
297,panaba,21.2833,-88.2667,24.82,73,30,5.74,MX,1682567358
298,bergerac,44.8333,0.5,14.12,94,100,1.54,FR,1682567358
299,virginia beach,36.8529,-75.978,15.57,77,100,2.57,US,1682567233
300,mumford,5.2618,-0.759,26.05,86,100,4.52,GH,1682567359
301,dulce nombre de culmi,15.1,-85.5333,20.85,81,39,0.78,HN,1682567359
302,lavrentiya,65.5833,-171.0,-7.18,75,52,2.75,RU,1682567359
303,bandarbeyla,9.4942,50.8122,29.39,71,36,4.18,SO,1682567359
304,kiama,-34.6833,150.8667,25.32,64,4,2.68,AU,1682567360
305,shimoda,34.6667,138.95,19.5,57,30,4.86,JP,1682567360
306,fergus falls,46.283,-96.0776,7.31,93,40,1.54,US,1682567316
307,sfantu gheorghe,45.8667,25.7833,4.4,93,97,1.64,RO,1682567361
308,luena,-11.7833,19.9167,17.1,63,47,2.57,AO,1682567361
309,trofors,65.5333,13.4063,-0.07,98,100,1.05,NO,1682567361
310,marang,5.2056,103.2059,28.95,74,95,1.37,MY,1682567361
311,khyriv,49.5333,22.8524,1.47,87,8,1.88,UA,1682567362
312,budhlada,29.9333,75.5667,33.69,15,99,3.77,IN,1682567362
313,nabire,-3.3667,135.4833,30.51,66,50,2.87,ID,1682567362
314,constitucion,-35.3333,-72.4167,13.94,74,100,2.4,CL,1682567362
315,esmeraldas,-19.7625,-44.3139,21.48,91,51,1.15,BR,1682567140
316,narsaq,60.9167,-46.05,2.12,97,100,0.39,GL,1682567363
317,mujiayingzi,42.1167,118.7833,21.53,21,100,6.05,CN,1682567364
318,abu zabad,12.35,29.25,28.06,45,97,3.24,SD,1682567365
319,tome,-36.6167,-72.95,13.34,87,100,0.18,CL,1682567365
320,kalianget,-7.05,113.9333,29.32,72,40,2.01,ID,1682567365
321,saskylakh,71.9167,114.0833,-4.23,90,82,3.6,RU,1682567366
322,joshimath,30.5667,79.5667,17.21,51,100,2.05,IN,1682567367
323,rio grande,-32.035,-52.0986,17.06,87,16,4.73,BR,1682567367
324,petropavlovsk-kamchatskiy,53.0452,158.6483,6.33,42,0,7.0,RU,1682567099
325,san patricio,28.017,-97.5169,24.91,90,95,3.86,US,1682567368
326,marsabit,2.3284,37.9899,17.68,93,80,3.14,KE,1682567095
327,edd,13.9297,41.6925,28.95,74,36,1.78,ER,1682567368
328,qeshm,26.9581,56.2719,25.94,74,95,2.46,IR,1682567368
329,shelbyville,35.4834,-86.4603,13.4,45,20,0.0,US,1682567369
330,luganville,-15.5333,167.1667,28.47,71,2,0.6,VU,1682567088
331,kitgum,3.2783,32.8867,17.97,94,51,1.16,UG,1682567369
332,port-gentil,-0.7193,8.7815,27.29,80,100,4.56,GA,1682567370
333,dapaong,10.8639,0.205,27.27,52,41,4.25,TG,1682567370
334,clyde river,70.4692,-68.5914,-10.87,100,100,2.06,CA,1682567371
335,saint-felix-de-valois,46.1668,-73.4324,5.18,96,98,0.45,CA,1682567371
336,masalli,34.7959,126.6553,16.82,42,78,3.23,KR,1682567371
337,klaksvik,62.2266,-6.589,0.51,97,100,4.42,FO,1682567371
338,kilindoni,-7.9139,39.6668,26.78,77,68,8.9,TZ,1682567372
339,belmonte,-15.8631,-38.8828,23.57,88,7,0.92,BR,1682567372
340,virtsu,58.5716,23.5115,5.55,96,100,2.93,EE,1682567372
341,asau,46.4333,26.4,5.71,87,93,1.67,RO,1682567137
342,xai-xai,-25.0519,33.6442,18.66,95,2,2.85,MZ,1682567373
343,half moon bay,37.4636,-122.4286,21.55,79,20,8.23,US,1682567240
344,bereda,43.2686,-7.5406,13.97,100,97,0.62,ES,1682567373
345,lagoa,39.05,-27.9833,16.14,77,52,10.26,PT,1682567283
346,xihua,33.7833,114.5167,24.76,37,97,5.17,CN,1682567374
347,wadi musa,30.3222,35.4793,14.01,30,4,1.96,JO,1682567374
348,luba,3.4568,8.5547,24.94,82,100,1.84,GQ,1682567375
349,muncar,-8.4333,114.3333,28.41,84,54,3.11,ID,1682567375
350,sheregesh,52.9209,87.9869,6.67,78,100,1.91,RU,1682567375
351,anadyr,64.75,177.4833,-6.72,79,0,6.71,RU,1682567376
352,srikakulam,18.3,83.9,32.23,50,10,3.19,IN,1682567376
353,bumba,2.1833,22.4667,20.91,92,96,0.65,CD,1682567376
354,portland,45.5234,-122.6762,23.32,46,75,2.57,US,1682566934
355,port hardy,50.6996,-127.4199,8.1,71,75,3.09,CA,1682567322
356,sinnamary,5.3833,-52.95,24.47,90,100,2.52,GF,1682567377
357,mecca,21.4267,39.8261,28.68,32,9,1.32,SA,1682567377
358,horizontina,-27.6258,-54.3078,16.71,84,65,0.54,BR,1682567378
359,prainha,-1.8,-53.48,22.7,98,100,1.19,BR,1682567378
360,haines junction,60.7522,-137.5108,4.97,36,48,2.06,CA,1682567378
361,kaeo,-35.1,173.7833,17.76,63,97,2.65,NZ,1682567378
362,dzilam gonzalez,21.2833,-88.9333,26.67,61,75,3.94,MX,1682567379
363,chino valley,34.7575,-112.4538,16.58,22,0,3.6,US,1682567379
364,khasan,42.4308,130.6434,11.19,63,61,5.52,RU,1682567379
365,wau,7.7029,27.9953,24.74,65,14,1.88,SS,1682567379
366,bredy,52.4153,60.3411,17.64,29,99,7.58,RU,1682567138
367,itaituba,-4.2761,-55.9836,22.91,96,100,0.67,BR,1682567380
368,harper,4.375,-7.7169,26.06,85,100,4.99,LR,1682567380
369,neiafu,-18.65,-173.9833,27.38,83,75,5.14,TO,1682567380
370,cienfuegos,22.1461,-80.4356,26.08,78,94,1.54,CU,1682567380
371,tanete,-3.9443,119.7848,28.24,81,96,2.59,ID,1682567381
372,port hawkesbury,45.6169,-61.3485,2.32,97,0,1.03,CA,1682567381
373,alofi,-19.0595,-169.9187,26.94,78,75,4.63,NU,1682567114
374,moyale,3.5167,39.0584,19.84,90,22,0.95,KE,1682567381
375,krasnyy chikoy,50.3643,108.7512,-1.39,83,100,4.87,RU,1682567381
376,nargana,9.4428,-78.5906,25.83,80,65,2.76,PA,1682567382
377,lensk,60.7253,114.9278,2.68,71,100,3.62,RU,1682567104
378,grootegast,53.2125,6.2736,3.87,1,31,2.04,NL,1682567382
379,dali,25.7,100.1833,23.26,29,10,5.12,CN,1682567382
380,mackay,-21.15,149.2,27.05,71,46,7.13,AU,1682567383
381,mount gambier,-37.8333,140.7667,20.92,48,39,4.94,AU,1682567383
382,hasaki,35.7333,140.8333,24.05,48,0,5.99,JP,1682567383
383,olaine,56.7853,23.9381,3.29,93,0,1.54,LV,1682567383
384,xiuyan,40.2928,123.2744,12.67,56,94,6.79,CN,1682567384
385,lamu,-2.2717,40.902,25.12,82,77,6.86,KE,1682567384
386,lata,40.1629,-8.3327,16.56,60,100,0.76,PT,1682567384
387,tiznit,29.5833,-9.5,23.72,30,96,1.27,MA,1682567384
388,kirkwall,58.9848,-2.9587,1.03,80,99,1.54,GB,1682567385
389,teguldet,57.3064,88.1667,5.79,71,100,2.05,RU,1682567385
390,faya,18.3851,42.4509,12.06,50,0,1.22,SA,1682567385
391,ust-nera,64.5667,143.2,-0.11,76,77,0.96,RU,1682567385
392,atasu,48.6814,71.6433,18.9,29,12,4.64,KZ,1682567386
393,hambantota,6.1241,81.1185,26.19,100,100,1.54,LK,1682567387
394,bloomfield,40.8068,-74.1854,11.62,82,100,1.54,US,1682567387
395,atar,20.5169,-13.0499,29.47,23,0,1.73,MR,1682567387
396,fairbanks,64.8378,-147.7164,5.19,55,75,2.57,US,1682567385
397,turayf,31.6725,38.6637,13.14,30,0,5.14,SA,1682567388
398,chaohu,31.6,117.8667,23.99,47,32,4.04,CN,1682567388
399,danshui,22.7984,114.4672,23.97,64,99,3.6,CN,1682567388
400,visegrad,43.7847,19.2992,2.47,93,27,1.15,BA,1682567389
401,sinjar,36.3209,41.8754,18.84,41,46,2.67,IQ,1682567389
402,magadan,59.5667,150.8,2.08,74,37,1.66,RU,1682567390
403,susanville,40.4163,-120.653,14.91,38,0,2.57,US,1682567390
404,ostrovnoy,68.0531,39.5131,0.55,86,100,1.99,RU,1682567390
405,chipinge,-20.1883,32.6236,13.5,94,37,1.74,ZW,1682567391
406,kholtoson,50.2981,103.3097,-1.7,58,100,4.87,RU,1682567391
407,bar harbor,44.3876,-68.2039,5.01,78,92,0.89,US,1682567219
408,derzhavinsk,51.1,66.3167,18.97,31,74,6.06,KZ,1682567391
409,menongue,-14.6585,17.691,14.99,59,12,1.41,AO,1682567392
410,tapejara,-28.0681,-52.0139,14.17,94,45,0.76,BR,1682567392
411,sena madureira,-9.0656,-68.6569,22.22,97,76,0.91,BR,1682567392
412,methoni,36.8197,21.7049,12.9,80,1,4.8,GR,1682567393
413,serra branca,-6.5333,-38.2667,23.44,87,100,1.12,BR,1682567393
414,artesia,33.8658,-118.0831,25.04,83,75,4.12,US,1682567393
415,farmington,36.7281,-108.2187,14.38,27,0,4.63,US,1682567394
416,karratha,-20.7377,116.8463,30.1,34,100,2.34,AU,1682567394
417,los andes,-32.8337,-70.5983,15.01,43,4,0.76,CL,1682567394
418,nhulunbuy,-12.2333,136.7667,30.34,70,75,5.14,AU,1682567394
419,acarigua,9.5545,-69.1956,27.08,67,98,1.05,VE,1682567394
420,sawakin,19.1059,37.3321,26.98,57,69,2.76,SD,1682567395
421,temiscaming,46.7212,-79.0971,3.75,93,85,1.54,CA,1682567395
422,mbandaka,0.0487,18.2603,20.68,93,94,0.73,CD,1682567395
423,port-de-bouc,43.4,4.9833,13.12,94,0,1.54,FR,1682567395
424,victoria,22.2855,114.1577,26.09,72,100,6.71,HK,1682567396
425,doka,13.5167,35.7667,30.21,38,100,3.72,SD,1682567396
426,ust-tsilma,65.441,52.1498,-2.28,91,98,3.81,RU,1682567396
427,marsa matruh,31.3525,27.2453,17.11,55,0,1.54,EG,1682567396
428,irkutsk,52.2978,104.2964,0.43,64,40,11.18,RU,1682567397
429,swan hill,-35.3378,143.5544,26.75,29,61,9.24,AU,1682567397
430,riyadh,24.6877,46.7219,18.08,63,0,0.3,SA,1682567100
431,igarka,67.4667,86.5833,-4.15,89,98,3.84,RU,1682567143
432,kallithiron,39.2817,21.9061,8.35,77,0,0.97,GR,1682567397
433,beitbridge,-22.2167,30.0,18.88,85,4,3.35,ZW,1682567398
434,zharkent,44.1628,80.0,20.19,22,0,4.37,KZ,1682567398
435,lakes entrance,-37.8811,147.981,23.42,39,53,3.73,AU,1682567398
436,kimbe,-5.5502,150.1429,30.85,66,46,2.83,PG,1682567398
437,buritizeiro,-17.3511,-44.9622,23.88,60,100,1.31,BR,1682567399
438,povoa de varzim,41.3834,-8.7636,16.2,94,0,1.54,PT,1682567269
439,boa vista,2.8197,-60.6733,22.99,100,40,0.51,BR,1682567399
440,blagoyevo,63.3667,47.9167,-0.04,85,100,4.14,RU,1682567399
441,saint anthony,45.0205,-93.218,12.18,46,0,6.17,US,1682567158
442,vila velha,-20.3297,-40.2925,24.97,93,40,2.57,BR,1682567138
443,ketchikan,55.3422,-131.6461,8.26,71,75,2.06,US,1682567400
444,ambilobe,-13.2,49.05,23.62,92,100,1.25,MG,1682567401
445,lodwar,3.1191,35.5973,25.68,68,16,0.77,KE,1682567401
446,yumen,40.2833,97.2,12.58,23,4,13.89,CN,1682567401
447,krasnovishersk,60.4078,57.082,10.66,83,72,2.82,RU,1682567402
448,grand gaube,-20.0064,57.6608,25.77,75,41,1.34,MU,1682567402
449,curup,-3.4667,102.5333,24.86,84,100,1.64,ID,1682567402
450,imbituba,-28.24,-48.6703,18.73,91,4,2.53,BR,1682567402
451,presidencia roque saenz pena,-26.7852,-60.4388,15.98,79,0,1.17,AR,1682567402
452,pyaozerskiy,65.8333,31.1667,-0.94,94,97,3.58,RU,1682567403
453,naze,28.3667,129.4833,21.51,59,18,4.67,JP,1682567403
454,natal,-5.795,-35.2094,24.36,94,75,2.06,BR,1682567403
455,kolyvan,55.3053,82.7391,8.79,71,100,2.56,RU,1682567403
456,wahiawa,21.5028,-158.0236,26.18,77,100,4.63,US,1682567404
457,kasongo-lunda,-6.4667,16.8167,21.12,97,100,0.9,CD,1682567404
458,itarema,-2.9248,-39.9167,24.84,89,99,2.21,BR,1682567129
459,kjopsvik,68.097,16.3742,1.93,88,100,1.69,NO,1682567404
460,shache,38.4167,77.2406,18.55,29,100,4.45,CN,1682567405
461,kushiro,42.975,144.3747,14.53,30,40,7.72,JP,1682567405
462,daru,-9.0763,143.2092,27.43,81,100,6.06,PG,1682567405
463,xuddur,4.1213,43.8894,25.83,74,94,3.92,SO,1682567405
464,filiates,39.6011,20.3119,11.43,79,1,2.41,GR,1682567406
465,portsmouth,50.799,-1.0913,10.54,86,83,5.47,GB,1682567406
466,goderich,43.7501,-81.7165,4.39,93,6,1.54,CA,1682567185
467,buchanan,5.8808,-10.0467,24.54,85,100,1.25,LR,1682567407
468,oranjemund,-28.55,16.4333,12.49,87,61,0.6,,1682567407
469,ayagoz,47.9714,80.4392,16.49,34,10,2.37,KZ,1682567407
470,guadalupe y calvo,26.1,-106.9667,7.25,40,22,1.58,MX,1682567408
471,la tuque,47.4334,-72.7824,5.14,87,88,1.03,CA,1682567408
472,moorhead,46.8739,-96.7676,5.98,81,0,0.0,US,1682567408
473,canto do buriti,-8.11,-42.9444,23.66,71,82,1.27,BR,1682567408
474,kontagora,10.3999,5.4695,24.85,76,100,1.9,NG,1682567409
475,kencong,-8.2833,113.3667,29.38,73,15,2.65,ID,1682567409
476,cap malheureux,-19.9842,57.6142,25.82,75,45,1.34,MU,1682567409
477,dalbandin,28.8947,64.4101,26.14,23,61,1.59,PK,1682567409
478,kuybyshevo,47.8123,38.9073,12.37,88,100,4.4,RU,1682567410
479,tiksi,71.6872,128.8694,-5.33,80,52,1.23,RU,1682567410
480,krasnoselkup,65.7,82.4667,-3.12,89,83,2.73,RU,1682567410
481,chicama,-7.8447,-79.1469,23.3,77,95,2.7,PE,1682567410
482,ginir,7.1333,40.7,15.26,86,19,1.25,ET,1682567411
483,myingyan,21.4667,95.3833,36.99,23,39,3.39,MM,1682567411
484,isla mujeres,21.2311,-86.731,27.03,80,87,6.07,MX,1682567411
485,caravelas,-17.7125,-39.2481,22.85,91,0,1.15,BR,1682567411
486,simplicio mendes,-7.8539,-41.9103,23.33,71,41,2.27,BR,1682567412
487,erseke,40.3378,20.6789,1.69,86,2,2.25,AL,1682567412
488,polunochnoye,60.8697,60.4153,12.66,67,61,1.55,RU,1682567412
489,yulara,-25.2406,130.9889,25.74,30,100,1.84,AU,1682567413
490,umba,66.6871,34.3429,0.1,74,99,4.08,RU,1682567413
491,mayo,38.8876,-76.5119,13.97,76,75,5.66,US,1682567413
492,port antonio,18.18,-76.4612,27.95,80,25,2.09,JM,1682567414
493,awjilah,29.1081,21.2869,20.21,30,0,3.92,LY,1682567414
494,tilichiki,60.4667,166.1,-2.66,74,9,2.23,RU,1682567414
495,spasskoye,44.6108,132.7969,15.68,32,5,8.71,RU,1682567414
496,norwich,52.6278,1.2983,8.29,89,20,1.54,GB,1682567415
497,los llanos de aridane,28.6585,-17.9182,15.62,87,0,2.06,ES,1682567415
498,buala,-8.145,159.5921,28.99,71,54,1.63,SB,1682567415
499,novikovo,51.1537,37.8879,11.47,71,91,2.4,RU,1682567416
500,ritchie,-29.038,24.6028,13.56,38,22,4.47,ZA,1682567416
501,ambulu,-8.345,113.6058,29.26,79,22,2.7,ID,1682567416
502,erenhot,43.6475,111.9767,11.17,9,88,5.89,CN,1682567416
503,campeche,19.0,-90.5,28.18,57,96,1.95,MX,1682567416
504,mokhsogollokh,61.4681,128.9203,2.93,75,81,3.88,RU,1682567417
505,basoko,1.2391,23.616,20.06,96,76,1.3,CD,1682567417
506,gananoque,44.3334,-76.1661,4.39,88,52,1.97,CA,1682567417
507,nyurba,63.2842,118.3319,0.7,99,100,1.36,RU,1682567417
508,lasa,46.6166,10.7002,5.2,83,55,1.79,IT,1682567418
509,rochegda,62.8,43.25,2.78,91,100,3.48,RU,1682567418
510,coquimbo,-29.9533,-71.3436,13.85,100,100,0.0,CL,1682567335
511,thanh hoa,19.8,105.7667,28.48,61,53,3.68,VN,1682567418
512,preobrazheniye,42.9019,133.9064,10.0,64,15,7.99,RU,1682567418
513,nanortalik,60.1432,-45.2371,-0.41,93,33,0.71,GL,1682567419
514,cabedelo,-6.9811,-34.8339,24.37,83,50,3.42,BR,1682567419
515,sao francisco,-15.9486,-44.8644,20.79,52,11,0.61,BR,1682567419
516,filadelfia,39.9523,-75.1638,10.14,86,75,3.6,US,1682567389
517,bosaso,11.2842,49.1816,31.04,59,48,2.66,SO,1682567420
518,pozhva,59.0912,56.0847,8.67,90,60,3.47,RU,1682567420
519,matara,5.9485,80.5353,28.76,76,100,3.63,LK,1682567420
520,ziro,27.6333,93.8333,13.41,72,99,1.34,IN,1682567420
521,kungurtug,50.5994,97.5228,-1.3,51,65,2.1,RU,1682567421
522,kalangala,-0.3089,32.225,19.64,73,91,4.59,UG,1682567421
523,las vegas,36.175,-115.1372,26.38,17,0,2.57,US,1682566877
524,suntar,62.1444,117.6319,1.32,100,100,1.41,RU,1682567421
525,magistralnyy,56.1725,107.4458,3.28,67,100,2.92,RU,1682567421
526,magnolia,33.2671,-93.2393,13.83,100,100,3.5,US,1682567422
527,tabou,4.423,-7.3528,25.75,88,100,4.2,CI,1682567422
528,vikulovo,56.8167,70.6107,18.17,41,100,6.95,RU,1682567422
529,waipawa,-41.4122,175.5153,12.66,63,1,2.67,NZ,1682567422
530,pokhara,28.2333,83.9833,26.55,25,100,2.4,NP,1682567422
531,biak,-0.9131,122.8766,28.25,75,71,0.97,ID,1682567423
532,zemio,5.0314,25.1361,19.98,91,54,1.44,CF,1682567423
533,lucapa,-8.4192,20.7447,18.27,97,100,0.81,AO,1682567424
534,coos bay,43.3665,-124.2179,14.62,76,0,7.2,US,1682567281
535,plouzane,48.3833,-4.6167,10.03,93,100,3.09,FR,1682567425
536,maine-soroa,13.2114,12.0241,28.89,16,33,3.03,NE,1682567425
537,akyab,20.15,92.9,31.09,50,43,3.23,MM,1682567426
538,kamenka,51.3223,42.7678,12.59,74,97,2.36,RU,1682567426
539,komsomolskiy,40.4272,71.7189,19.4,42,99,2.06,UZ,1682567427
540,durango,24.8333,-104.8333,15.12,22,37,4.49,MX,1682567097
541,alyangula,-13.8483,136.4192,29.57,64,64,5.56,AU,1682567427
542,kenitra,34.261,-6.5802,15.42,70,23,2.4,MA,1682567427
543,saint-francois,46.4154,3.9054,8.15,93,0,1.54,FR,1682567428
544,changji,44.0167,87.3167,18.44,24,0,3.0,CN,1682567428
545,elko,41.0002,-115.5012,14.01,35,94,2.68,US,1682567428
546,innisfail,-17.5333,146.0333,23.99,81,75,5.6,AU,1682567429
547,benin,9.5,2.25,23.57,76,100,2.12,BJ,1682567429
548,korhogo,9.45,-5.6333,22.71,81,84,1.73,CI,1682567429
549,poco verde,-10.7083,-38.1833,21.0,98,29,1.48,BR,1682567429
550,marquette,46.5333,-87.6335,1.69,77,72,3.42,US,1682567297
551,mercedes,-34.6515,-59.4307,16.59,72,25,2.85,AR,1682567430
552,lubango,-14.9172,13.4925,15.92,77,0,3.09,AO,1682567430
553,port augusta,-32.5,137.7667,25.81,24,0,6.47,AU,1682567430
554,ulaangom,49.9811,92.0667,3.73,30,2,1.88,MN,1682567431
555,kuusamo,65.9667,29.1833,0.02,64,100,4.63,FI,1682567431
556,manyana,-23.4,21.7167,20.33,44,2,3.34,BW,1682567431
557,oksfjord,70.2396,22.3479,4.1,94,79,6.25,NO,1682567432
558,manggar,-2.8833,108.2667,30.07,62,100,2.66,ID,1682567432
559,palauig,15.435,119.9045,30.14,64,56,3.83,PH,1682567432
560,hobyo,5.3505,48.5268,29.32,74,11,4.4,SO,1682567433
561,izumo,35.3667,132.7667,16.97,51,20,2.57,JP,1682567260
562,beyneu,45.3167,55.2,18.52,70,100,3.61,KZ,1682567433
563,carauari,-4.8828,-66.8958,23.88,92,99,0.62,BR,1682567433
564,alice springs,-23.7,133.8833,30.75,27,40,3.6,AU,1682567434
565,muroto,33.2833,134.15,16.49,56,20,1.24,JP,1682567325
566,dudinka,69.4058,86.1778,-4.76,92,100,2.37,RU,1682567434
567,nivelles,50.5983,4.3285,4.13,85,0,2.06,BE,1682567434
568,carballo,43.213,-8.691,14.95,93,98,1.54,ES,1682567435
569,carta,46.5333,25.75,2.0,96,100,1.14,RO,1682567435
570,ojinaga,29.5667,-104.4167,25.53,20,0,5.66,MX,1682567435
571,graaff-reinet,-32.2522,24.5308,20.59,31,100,4.22,ZA,1682567435
572,kailua,21.4022,-157.7394,27.99,92,100,3.6,US,1682567435
573,lavumisa,-27.31,31.892,19.98,93,70,3.13,SZ,1682567436
574,kawalu,-7.3817,108.2082,30.67,58,96,1.74,ID,1682567436
575,port hedland,-20.3167,118.5667,30.03,37,100,4.63,AU,1682567436
576,puerto escondido,15.85,-97.0667,26.67,77,100,3.27,MX,1682567436
577,muros,42.7762,-9.0603,15.93,94,99,1.07,ES,1682567437
578,gamba,-2.65,10.0,25.05,90,100,1.89,GA,1682567437
579,coihaique,-45.5752,-72.0662,5.34,75,20,1.54,CL,1682567437
580,miri,4.4148,114.0089,30.08,74,40,2.57,MY,1682567437
581,shingu,33.7333,135.9833,18.28,52,2,3.14,JP,1682567437
582,caxito,-8.5785,13.6643,22.79,97,96,0.8,AO,1682567438
583,visby,57.6409,18.296,4.34,93,1,3.6,SE,1682567438
584,zaysan,47.4667,84.8667,16.4,35,13,5.58,KZ,1682567438
585,kabalo,-6.05,26.9167,20.0,97,94,1.27,CD,1682567438
586,sorland,67.667,12.6934,1.92,99,100,2.6,NO,1682567438
587,hede,33.7681,120.2517,22.08,46,94,5.61,CN,1682567439
